id,City,Title,Rating,Reviews,Description,Tips,Address,Timings,Ticket Price
1,Cairo,Great Pyramids of Giza - Section 1,4.8,150000,"The last surviving wonder of the ancient world, these iconic pyramids date back to 2560 BC.",Visit during sunset for the best photos,"Al Haram, Nazlet El-Semman, Al Giza Desert, Giza",08:00-17:00,240.0
2,Cairo,The Sphinx - Section 1,4.7,140000,"A colossal limestone statue with the body of a lion and a human head, guarding the Giza plateau.",Check opening hours before visiting,"Al Haram, Giza",08:00-17:00,240.0
3,Cairo,Egyptian Museum - Section 1,4.6,85000,Home to the world's largest collection of ancient Egyptian antiquities including Tutankhamun's treasures.,Check opening hours before visiting,"Tahrir Square, Downtown Cairo",09:00-19:00,200.0
4,Cairo,Grand Egyptian Museum - Section 1,4.9,50000,"The world's largest archaeological museum dedicated to one civilization, opening near the Pyramids.",Combine with nearby attractions for a full day trip,Giza Plateau,09:00-21:00,350.0
5,Cairo,Khan El Khalili - Section 1,4.5,95000,A historic bazaar and one of the oldest markets in the Middle East dating back to the 14th century.,Bring water and sun protection,"El-Gamaleya, Islamic Cairo",09:00-23:00,
6,Cairo,Al-Azhar Mosque - Section 1,4.6,40000,"One of the oldest and most prestigious mosques in the Islamic world, founded in 970 AD.",Combine with nearby attractions for a full day trip,Islamic Cairo,09:00-17:00,
7,Cairo,Citadel of Saladin - Section 1,4.7,60000,A medieval Islamic fortification with stunning views and the magnificent Muhammad Ali Mosque.,Bring water and sun protection,"Salah Salem St, Cairo",08:00-17:00,180.0
8,Cairo,Muhammad Ali Mosque - Section 1,4.7,55000,"An Ottoman-style mosque known as the Alabaster Mosque, dominating Cairo's skyline.",Wear comfortable walking shoes,"Citadel of Saladin, Cairo",08:00-17:00,180.0
9,Cairo,Coptic Cairo - Section 1,4.4,30000,"Home to the Hanging Church, Ben Ezra Synagogue, and the Coptic Museum.",Combine with nearby attractions for a full day trip,Old Cairo,09:00-17:00,100.0
10,Cairo,Hanging Church - Section 1,4.5,25000,"One of the oldest churches in Egypt, built on top of the southern gatehouse of the Roman Babylon Fortress.",Book tickets online in advance,Coptic Cairo,09:00-16:00,50.0
11,Cairo,Al-Azhar Park - Section 1,4.3,20000,"A stunning public park with gardens, fountains, and views over Islamic Cairo.",Book tickets online in advance,"Salah Salem St, Cairo",09:00-23:00,30.0
12,Cairo,Islamic Cairo - Section 1,4.5,35000,"A historic area with medieval architecture, mosques, and madrasas from the Fatimid era.",Combine with nearby attractions for a full day trip,Islamic Cairo District,Open 24 hours,
13,Cairo,Saqqara - Section 1,4.6,20000,"The vast ancient burial ground serving as the necropolis for Memphis, featuring the Step Pyramid.",Bring water and sun protection,"Saqqara, Giza",08:00-17:00,150.0
14,Cairo,Dahshur - Section 1,4.4,10000,"Home to the Bent Pyramid and the Red Pyramid, early experiments in pyramid construction.",Wear comfortable walking shoes,"Dahshur, Giza",08:00-17:00,100.0
15,Cairo,Memphis - Section 1,4.2,8000,The ancient capital of Egypt with the colossal statue of Ramses II.,Wear comfortable walking shoes,"Mit Rahina, Giza",08:00-17:00,80.0
16,Cairo,El Moez Street - Section 1,4.6,45000,A historic street in Islamic Cairo with the greatest concentration of medieval architectural treasures.,Bring water and sun protection,Islamic Cairo,Open 24 hours,
17,Cairo,Cairo Tower - Section 1,4.3,30000,A free-standing concrete tower offering panoramic views of Cairo and the Nile.,Hire a local guide for the best experience,"Zamalek, Cairo",09:00-00:00,150.0
18,Cairo,Nilometer - Section 1,4.1,5000,An ancient structure for measuring the Nile's clarity and water level during the annual flood season.,Arrive early to avoid crowds and heat,"Rhoda Island, Cairo",09:00-17:00,40.0
19,Cairo,Manial Palace - Section 1,4.4,12000,A former royal palace with beautiful gardens and ornate interiors.,Check opening hours before visiting,"Rhoda Island, Cairo",09:00-17:00,60.0
20,Cairo,Gayer-Anderson Museum - Section 1,4.3,8000,A historic house museum with an impressive collection of furniture and artifacts.,Check opening hours before visiting,"Sayyida Zeinab, Cairo",09:00-17:00,50.0
21,Cairo,Great Pyramids of Giza - Section 2,4.8,150000,"The last surviving wonder of the ancient world, these iconic pyramids date back to 2560 BC.",Arrive early to avoid crowds and heat,"Al Haram, Nazlet El-Semman, Al Giza Desert, Giza",08:00-17:00,240.0
22,Cairo,The Sphinx - Section 2,4.7,140000,"A colossal limestone statue with the body of a lion and a human head, guarding the Giza plateau.",Wear comfortable walking shoes,"Al Haram, Giza",08:00-17:00,240.0
23,Cairo,Egyptian Museum - Section 2,4.6,85000,Home to the world's largest collection of ancient Egyptian antiquities including Tutankhamun's treasures.,Visit during sunset for the best photos,"Tahrir Square, Downtown Cairo",09:00-19:00,200.0
24,Cairo,Grand Egyptian Museum - Section 2,4.9,50000,"The world's largest archaeological museum dedicated to one civilization, opening near the Pyramids.",Arrive early to avoid crowds and heat,Giza Plateau,09:00-21:00,350.0
25,Cairo,Khan El Khalili - Section 2,4.5,95000,A historic bazaar and one of the oldest markets in the Middle East dating back to the 14th century.,Visit during sunset for the best photos,"El-Gamaleya, Islamic Cairo",09:00-23:00,
26,Cairo,Al-Azhar Mosque - Section 2,4.6,40000,"One of the oldest and most prestigious mosques in the Islamic world, founded in 970 AD.",Book tickets online in advance,Islamic Cairo,09:00-17:00,
27,Cairo,Citadel of Saladin - Section 2,4.7,60000,A medieval Islamic fortification with stunning views and the magnificent Muhammad Ali Mosque.,Check opening hours before visiting,"Salah Salem St, Cairo",08:00-17:00,180.0
28,Cairo,Muhammad Ali Mosque - Section 2,4.7,55000,"An Ottoman-style mosque known as the Alabaster Mosque, dominating Cairo's skyline.",Visit during sunset for the best photos,"Citadel of Saladin, Cairo",08:00-17:00,180.0
29,Cairo,Coptic Cairo - Section 2,4.4,30000,"Home to the Hanging Church, Ben Ezra Synagogue, and the Coptic Museum.",Visit during sunset for the best photos,Old Cairo,09:00-17:00,100.0
30,Cairo,Hanging Church - Section 2,4.5,25000,"One of the oldest churches in Egypt, built on top of the southern gatehouse of the Roman Babylon Fortress.",Arrive early to avoid crowds and heat,Coptic Cairo,09:00-16:00,50.0
31,Cairo,Al-Azhar Park - Section 2,4.3,20000,"A stunning public park with gardens, fountains, and views over Islamic Cairo.",Wear comfortable walking shoes,"Salah Salem St, Cairo",09:00-23:00,30.0
32,Cairo,Islamic Cairo - Section 2,4.5,35000,"A historic area with medieval architecture, mosques, and madrasas from the Fatimid era.",Bring water and sun protection,Islamic Cairo District,Open 24 hours,
33,Cairo,Saqqara - Section 2,4.6,20000,"The vast ancient burial ground serving as the necropolis for Memphis, featuring the Step Pyramid.",Wear comfortable walking shoes,"Saqqara, Giza",08:00-17:00,150.0
34,Cairo,Dahshur - Section 2,4.4,10000,"Home to the Bent Pyramid and the Red Pyramid, early experiments in pyramid construction.",Book tickets online in advance,"Dahshur, Giza",08:00-17:00,100.0
35,Cairo,Memphis - Section 2,4.2,8000,The ancient capital of Egypt with the colossal statue of Ramses II.,Hire a local guide for the best experience,"Mit Rahina, Giza",08:00-17:00,80.0
36,Cairo,El Moez Street - Section 2,4.6,45000,A historic street in Islamic Cairo with the greatest concentration of medieval architectural treasures.,Visit during sunset for the best photos,Islamic Cairo,Open 24 hours,
37,Cairo,Cairo Tower - Section 2,4.3,30000,A free-standing concrete tower offering panoramic views of Cairo and the Nile.,Visit during sunset for the best photos,"Zamalek, Cairo",09:00-00:00,150.0
38,Cairo,Nilometer - Section 2,4.1,5000,An ancient structure for measuring the Nile's clarity and water level during the annual flood season.,Combine with nearby attractions for a full day trip,"Rhoda Island, Cairo",09:00-17:00,40.0
39,Cairo,Manial Palace - Section 2,4.4,12000,A former royal palace with beautiful gardens and ornate interiors.,Visit during sunset for the best photos,"Rhoda Island, Cairo",09:00-17:00,60.0
40,Cairo,Gayer-Anderson Museum - Section 2,4.3,8000,A historic house museum with an impressive collection of furniture and artifacts.,Wear comfortable walking shoes,"Sayyida Zeinab, Cairo",09:00-17:00,50.0
41,Cairo,Great Pyramids of Giza - Section 3,4.8,150000,"The last surviving wonder of the ancient world, these iconic pyramids date back to 2560 BC.",Bring water and sun protection,"Al Haram, Nazlet El-Semman, Al Giza Desert, Giza",08:00-17:00,240.0
42,Cairo,The Sphinx - Section 3,4.7,140000,"A colossal limestone statue with the body of a lion and a human head, guarding the Giza plateau.",Hire a local guide for the best experience,"Al Haram, Giza",08:00-17:00,240.0
43,Cairo,Egyptian Museum - Section 3,4.6,85000,Home to the world's largest collection of ancient Egyptian antiquities including Tutankhamun's treasures.,Wear comfortable walking shoes,"Tahrir Square, Downtown Cairo",09:00-19:00,200.0
44,Cairo,Grand Egyptian Museum - Section 3,4.9,50000,"The world's largest archaeological museum dedicated to one civilization, opening near the Pyramids.",Combine with nearby attractions for a full day trip,Giza Plateau,09:00-21:00,350.0
45,Cairo,Khan El Khalili - Section 3,4.5,95000,A historic bazaar and one of the oldest markets in the Middle East dating back to the 14th century.,Wear comfortable walking shoes,"El-Gamaleya, Islamic Cairo",09:00-23:00,
46,Cairo,Al-Azhar Mosque - Section 3,4.6,40000,"One of the oldest and most prestigious mosques in the Islamic world, founded in 970 AD.",Arrive early to avoid crowds and heat,Islamic Cairo,09:00-17:00,
47,Cairo,Citadel of Saladin - Section 3,4.7,60000,A medieval Islamic fortification with stunning views and the magnificent Muhammad Ali Mosque.,Book tickets online in advance,"Salah Salem St, Cairo",08:00-17:00,180.0
48,Cairo,Muhammad Ali Mosque - Section 3,4.7,55000,"An Ottoman-style mosque known as the Alabaster Mosque, dominating Cairo's skyline.",Bring water and sun protection,"Citadel of Saladin, Cairo",08:00-17:00,180.0
49,Cairo,Coptic Cairo - Section 3,4.4,30000,"Home to the Hanging Church, Ben Ezra Synagogue, and the Coptic Museum.",Hire a local guide for the best experience,Old Cairo,09:00-17:00,100.0
50,Cairo,Hanging Church - Section 3,4.5,25000,"One of the oldest churches in Egypt, built on top of the southern gatehouse of the Roman Babylon Fortress.",Book tickets online in advance,Coptic Cairo,09:00-16:00,50.0
51,Cairo,Al-Azhar Park - Section 3,4.3,20000,"A stunning public park with gardens, fountains, and views over Islamic Cairo.",Arrive early to avoid crowds and heat,"Salah Salem St, Cairo",09:00-23:00,30.0
52,Cairo,Islamic Cairo - Section 3,4.5,35000,"A historic area with medieval architecture, mosques, and madrasas from the Fatimid era.",Book tickets online in advance,Islamic Cairo District,Open 24 hours,
53,Cairo,Saqqara - Section 3,4.6,20000,"The vast ancient burial ground serving as the necropolis for Memphis, featuring the Step Pyramid.",Combine with nearby attractions for a full day trip,"Saqqara, Giza",08:00-17:00,150.0
54,Cairo,Dahshur - Section 3,4.4,10000,"Home to the Bent Pyramid and the Red Pyramid, early experiments in pyramid construction.",Visit during sunset for the best photos,"Dahshur, Giza",08:00-17:00,100.0
55,Cairo,Memphis - Section 3,4.2,8000,The ancient capital of Egypt with the colossal statue of Ramses II.,Visit during sunset for the best photos,"Mit Rahina, Giza",08:00-17:00,80.0
56,Cairo,El Moez Street - Section 3,4.6,45000,A historic street in Islamic Cairo with the greatest concentration of medieval architectural treasures.,Bring water and sun protection,Islamic Cairo,Open 24 hours,
57,Cairo,Cairo Tower - Section 3,4.3,30000,A free-standing concrete tower offering panoramic views of Cairo and the Nile.,Book tickets online in advance,"Zamalek, Cairo",09:00-00:00,150.0
58,Cairo,Nilometer - Section 3,4.1,5000,An ancient structure for measuring the Nile's clarity and water level during the annual flood season.,Wear comfortable walking shoes,"Rhoda Island, Cairo",09:00-17:00,40.0
59,Cairo,Manial Palace - Section 3,4.4,12000,A former royal palace with beautiful gardens and ornate interiors.,Visit during sunset for the best photos,"Rhoda Island, Cairo",09:00-17:00,60.0
60,Cairo,Gayer-Anderson Museum - Section 3,4.3,8000,A historic house museum with an impressive collection of furniture and artifacts.,Bring water and sun protection,"Sayyida Zeinab, Cairo",09:00-17:00,50.0
61,Cairo,Great Pyramids of Giza - Section 4,4.8,150000,"The last surviving wonder of the ancient world, these iconic pyramids date back to 2560 BC.",Bring water and sun protection,"Al Haram, Nazlet El-Semman, Al Giza Desert, Giza",08:00-17:00,240.0
62,Cairo,The Sphinx - Section 4,4.7,140000,"A colossal limestone statue with the body of a lion and a human head, guarding the Giza plateau.",Combine with nearby attractions for a full day trip,"Al Haram, Giza",08:00-17:00,240.0
63,Cairo,Egyptian Museum - Section 4,4.6,85000,Home to the world's largest collection of ancient Egyptian antiquities including Tutankhamun's treasures.,Bring water and sun protection,"Tahrir Square, Downtown Cairo",09:00-19:00,200.0
64,Cairo,Grand Egyptian Museum - Section 4,4.9,50000,"The world's largest archaeological museum dedicated to one civilization, opening near the Pyramids.",Arrive early to avoid crowds and heat,Giza Plateau,09:00-21:00,350.0
65,Cairo,Khan El Khalili - Section 4,4.5,95000,A historic bazaar and one of the oldest markets in the Middle East dating back to the 14th century.,Wear comfortable walking shoes,"El-Gamaleya, Islamic Cairo",09:00-23:00,
66,Cairo,Al-Azhar Mosque - Section 4,4.6,40000,"One of the oldest and most prestigious mosques in the Islamic world, founded in 970 AD.",Visit during sunset for the best photos,Islamic Cairo,09:00-17:00,
67,Cairo,Citadel of Saladin - Section 4,4.7,60000,A medieval Islamic fortification with stunning views and the magnificent Muhammad Ali Mosque.,Visit during sunset for the best photos,"Salah Salem St, Cairo",08:00-17:00,180.0
68,Cairo,Muhammad Ali Mosque - Section 4,4.7,55000,"An Ottoman-style mosque known as the Alabaster Mosque, dominating Cairo's skyline.",Hire a local guide for the best experience,"Citadel of Saladin, Cairo",08:00-17:00,180.0
69,Cairo,Coptic Cairo - Section 4,4.4,30000,"Home to the Hanging Church, Ben Ezra Synagogue, and the Coptic Museum.",Arrive early to avoid crowds and heat,Old Cairo,09:00-17:00,100.0
70,Cairo,Hanging Church - Section 4,4.5,25000,"One of the oldest churches in Egypt, built on top of the southern gatehouse of the Roman Babylon Fortress.",Visit during sunset for the best photos,Coptic Cairo,09:00-16:00,50.0
71,Cairo,Al-Azhar Park - Section 4,4.3,20000,"A stunning public park with gardens, fountains, and views over Islamic Cairo.",Combine with nearby attractions for a full day trip,"Salah Salem St, Cairo",09:00-23:00,30.0
72,Cairo,Islamic Cairo - Section 4,4.5,35000,"A historic area with medieval architecture, mosques, and madrasas from the Fatimid era.",Visit during sunset for the best photos,Islamic Cairo District,Open 24 hours,
73,Cairo,Saqqara - Section 4,4.6,20000,"The vast ancient burial ground serving as the necropolis for Memphis, featuring the Step Pyramid.",Hire a local guide for the best experience,"Saqqara, Giza",08:00-17:00,150.0
74,Cairo,Dahshur - Section 4,4.4,10000,"Home to the Bent Pyramid and the Red Pyramid, early experiments in pyramid construction.",Check opening hours before visiting,"Dahshur, Giza",08:00-17:00,100.0
75,Cairo,Memphis - Section 4,4.2,8000,The ancient capital of Egypt with the colossal statue of Ramses II.,Book tickets online in advance,"Mit Rahina, Giza",08:00-17:00,80.0
76,Cairo,El Moez Street - Section 4,4.6,45000,A historic street in Islamic Cairo with the greatest concentration of medieval architectural treasures.,Book tickets online in advance,Islamic Cairo,Open 24 hours,
77,Cairo,Cairo Tower - Section 4,4.3,30000,A free-standing concrete tower offering panoramic views of Cairo and the Nile.,Arrive early to avoid crowds and heat,"Zamalek, Cairo",09:00-00:00,150.0
78,Cairo,Nilometer - Section 4,4.1,5000,An ancient structure for measuring the Nile's clarity and water level during the annual flood season.,Bring water and sun protection,"Rhoda Island, Cairo",09:00-17:00,40.0
79,Cairo,Manial Palace - Section 4,4.4,12000,A former royal palace with beautiful gardens and ornate interiors.,Hire a local guide for the best experience,"Rhoda Island, Cairo",09:00-17:00,60.0
80,Cairo,Gayer-Anderson Museum - Section 4,4.3,8000,A historic house museum with an impressive collection of furniture and artifacts.,Check opening hours before visiting,"Sayyida Zeinab, Cairo",09:00-17:00,50.0
81,Cairo,Great Pyramids of Giza - Section 5,4.8,150000,"The last surviving wonder of the ancient world, these iconic pyramids date back to 2560 BC.",Hire a local guide for the best experience,"Al Haram, Nazlet El-Semman, Al Giza Desert, Giza",08:00-17:00,240.0
82,Cairo,The Sphinx - Section 5,4.7,140000,"A colossal limestone statue with the body of a lion and a human head, guarding the Giza plateau.",Check opening hours before visiting,"Al Haram, Giza",08:00-17:00,240.0
83,Cairo,Egyptian Museum - Section 5,4.6,85000,Home to the world's largest collection of ancient Egyptian antiquities including Tutankhamun's treasures.,Check opening hours before visiting,"Tahrir Square, Downtown Cairo",09:00-19:00,200.0
84,Cairo,Grand Egyptian Museum - Section 5,4.9,50000,"The world's largest archaeological museum dedicated to one civilization, opening near the Pyramids.",Visit during sunset for the best photos,Giza Plateau,09:00-21:00,350.0
85,Cairo,Khan El Khalili - Section 5,4.5,95000,A historic bazaar and one of the oldest markets in the Middle East dating back to the 14th century.,Combine with nearby attractions for a full day trip,"El-Gamaleya, Islamic Cairo",09:00-23:00,
86,Cairo,Al-Azhar Mosque - Section 5,4.6,40000,"One of the oldest and most prestigious mosques in the Islamic world, founded in 970 AD.",Visit during sunset for the best photos,Islamic Cairo,09:00-17:00,
87,Cairo,Citadel of Saladin - Section 5,4.7,60000,A medieval Islamic fortification with stunning views and the magnificent Muhammad Ali Mosque.,Combine with nearby attractions for a full day trip,"Salah Salem St, Cairo",08:00-17:00,180.0
88,Cairo,Muhammad Ali Mosque - Section 5,4.7,55000,"An Ottoman-style mosque known as the Alabaster Mosque, dominating Cairo's skyline.",Hire a local guide for the best experience,"Citadel of Saladin, Cairo",08:00-17:00,180.0
89,Cairo,Coptic Cairo - Section 5,4.4,30000,"Home to the Hanging Church, Ben Ezra Synagogue, and the Coptic Museum.",Bring water and sun protection,Old Cairo,09:00-17:00,100.0
90,Cairo,Hanging Church - Section 5,4.5,25000,"One of the oldest churches in Egypt, built on top of the southern gatehouse of the Roman Babylon Fortress.",Book tickets online in advance,Coptic Cairo,09:00-16:00,50.0
91,Cairo,Al-Azhar Park - Section 5,4.3,20000,"A stunning public park with gardens, fountains, and views over Islamic Cairo.",Arrive early to avoid crowds and heat,"Salah Salem St, Cairo",09:00-23:00,30.0
92,Cairo,Islamic Cairo - Section 5,4.5,35000,"A historic area with medieval architecture, mosques, and madrasas from the Fatimid era.",Wear comfortable walking shoes,Islamic Cairo District,Open 24 hours,
93,Cairo,Saqqara - Section 5,4.6,20000,"The vast ancient burial ground serving as the necropolis for Memphis, featuring the Step Pyramid.",Combine with nearby attractions for a full day trip,"Saqqara, Giza",08:00-17:00,150.0
94,Cairo,Dahshur - Section 5,4.4,10000,"Home to the Bent Pyramid and the Red Pyramid, early experiments in pyramid construction.",Book tickets online in advance,"Dahshur, Giza",08:00-17:00,100.0
95,Cairo,Memphis - Section 5,4.2,8000,The ancient capital of Egypt with the colossal statue of Ramses II.,Arrive early to avoid crowds and heat,"Mit Rahina, Giza",08:00-17:00,80.0
96,Cairo,El Moez Street - Section 5,4.6,45000,A historic street in Islamic Cairo with the greatest concentration of medieval architectural treasures.,Bring water and sun protection,Islamic Cairo,Open 24 hours,
97,Cairo,Cairo Tower - Section 5,4.3,30000,A free-standing concrete tower offering panoramic views of Cairo and the Nile.,Hire a local guide for the best experience,"Zamalek, Cairo",09:00-00:00,150.0
98,Cairo,Nilometer - Section 5,4.1,5000,An ancient structure for measuring the Nile's clarity and water level during the annual flood season.,Bring water and sun protection,"Rhoda Island, Cairo",09:00-17:00,40.0
99,Cairo,Manial Palace - Section 5,4.4,12000,A former royal palace with beautiful gardens and ornate interiors.,Combine with nearby attractions for a full day trip,"Rhoda Island, Cairo",09:00-17:00,60.0
100,Cairo,Gayer-Anderson Museum - Section 5,4.3,8000,A historic house museum with an impressive collection of furniture and artifacts.,Hire a local guide for the best experience,"Sayyida Zeinab, Cairo",09:00-17:00,50.0
101,Cairo,Great Pyramids of Giza - Section 6,4.8,150000,"The last surviving wonder of the ancient world, these iconic pyramids date back to 2560 BC.",Check opening hours before visiting,"Al Haram, Nazlet El-Semman, Al Giza Desert, Giza",08:00-17:00,240.0
102,Cairo,The Sphinx - Section 6,4.7,140000,"A colossal limestone statue with the body of a lion and a human head, guarding the Giza plateau.",Visit during sunset for the best photos,"Al Haram, Giza",08:00-17:00,240.0
103,Cairo,Egyptian Museum - Section 6,4.6,85000,Home to the world's largest collection of ancient Egyptian antiquities including Tutankhamun's treasures.,Check opening hours before visiting,"Tahrir Square, Downtown Cairo",09:00-19:00,200.0
104,Cairo,Grand Egyptian Museum - Section 6,4.9,50000,"The world's largest archaeological museum dedicated to one civilization, opening near the Pyramids.",Arrive early to avoid crowds and heat,Giza Plateau,09:00-21:00,350.0
105,Cairo,Khan El Khalili - Section 6,4.5,95000,A historic bazaar and one of the oldest markets in the Middle East dating back to the 14th century.,Visit during sunset for the best photos,"El-Gamaleya, Islamic Cairo",09:00-23:00,
106,Cairo,Al-Azhar Mosque - Section 6,4.6,40000,"One of the oldest and most prestigious mosques in the Islamic world, founded in 970 AD.",Hire a local guide for the best experience,Islamic Cairo,09:00-17:00,
107,Cairo,Citadel of Saladin - Section 6,4.7,60000,A medieval Islamic fortification with stunning views and the magnificent Muhammad Ali Mosque.,Wear comfortable walking shoes,"Salah Salem St, Cairo",08:00-17:00,180.0
108,Cairo,Muhammad Ali Mosque - Section 6,4.7,55000,"An Ottoman-style mosque known as the Alabaster Mosque, dominating Cairo's skyline.",Arrive early to avoid crowds and heat,"Citadel of Saladin, Cairo",08:00-17:00,180.0
109,Cairo,Coptic Cairo - Section 6,4.4,30000,"Home to the Hanging Church, Ben Ezra Synagogue, and the Coptic Museum.",Arrive early to avoid crowds and heat,Old Cairo,09:00-17:00,100.0
110,Cairo,Hanging Church - Section 6,4.5,25000,"One of the oldest churches in Egypt, built on top of the southern gatehouse of the Roman Babylon Fortress.",Visit during sunset for the best photos,Coptic Cairo,09:00-16:00,50.0
111,Cairo,Al-Azhar Park - Section 6,4.3,20000,"A stunning public park with gardens, fountains, and views over Islamic Cairo.",Arrive early to avoid crowds and heat,"Salah Salem St, Cairo",09:00-23:00,30.0
112,Cairo,Islamic Cairo - Section 6,4.5,35000,"A historic area with medieval architecture, mosques, and madrasas from the Fatimid era.",Hire a local guide for the best experience,Islamic Cairo District,Open 24 hours,
113,Cairo,Saqqara - Section 6,4.6,20000,"The vast ancient burial ground serving as the necropolis for Memphis, featuring the Step Pyramid.",Check opening hours before visiting,"Saqqara, Giza",08:00-17:00,150.0
114,Cairo,Dahshur - Section 6,4.4,10000,"Home to the Bent Pyramid and the Red Pyramid, early experiments in pyramid construction.",Wear comfortable walking shoes,"Dahshur, Giza",08:00-17:00,100.0
115,Cairo,Memphis - Section 6,4.2,8000,The ancient capital of Egypt with the colossal statue of Ramses II.,Combine with nearby attractions for a full day trip,"Mit Rahina, Giza",08:00-17:00,80.0
116,Cairo,El Moez Street - Section 6,4.6,45000,A historic street in Islamic Cairo with the greatest concentration of medieval architectural treasures.,Combine with nearby attractions for a full day trip,Islamic Cairo,Open 24 hours,
117,Cairo,Cairo Tower - Section 6,4.3,30000,A free-standing concrete tower offering panoramic views of Cairo and the Nile.,Hire a local guide for the best experience,"Zamalek, Cairo",09:00-00:00,150.0
118,Cairo,Nilometer - Section 6,4.1,5000,An ancient structure for measuring the Nile's clarity and water level during the annual flood season.,Visit during sunset for the best photos,"Rhoda Island, Cairo",09:00-17:00,40.0
119,Cairo,Manial Palace - Section 6,4.4,12000,A former royal palace with beautiful gardens and ornate interiors.,Bring water and sun protection,"Rhoda Island, Cairo",09:00-17:00,60.0
120,Cairo,Gayer-Anderson Museum - Section 6,4.3,8000,A historic house museum with an impressive collection of furniture and artifacts.,Hire a local guide for the best experience,"Sayyida Zeinab, Cairo",09:00-17:00,50.0
121,Cairo,Great Pyramids of Giza - Section 7,4.8,150000,"The last surviving wonder of the ancient world, these iconic pyramids date back to 2560 BC.",Combine with nearby attractions for a full day trip,"Al Haram, Nazlet El-Semman, Al Giza Desert, Giza",08:00-17:00,240.0
122,Cairo,The Sphinx - Section 7,4.7,140000,"A colossal limestone statue with the body of a lion and a human head, guarding the Giza plateau.",Hire a local guide for the best experience,"Al Haram, Giza",08:00-17:00,240.0
123,Cairo,Egyptian Museum - Section 7,4.6,85000,Home to the world's largest collection of ancient Egyptian antiquities including Tutankhamun's treasures.,Arrive early to avoid crowds and heat,"Tahrir Square, Downtown Cairo",09:00-19:00,200.0
124,Cairo,Grand Egyptian Museum - Section 7,4.9,50000,"The world's largest archaeological museum dedicated to one civilization, opening near the Pyramids.",Arrive early to avoid crowds and heat,Giza Plateau,09:00-21:00,350.0
125,Cairo,Khan El Khalili - Section 7,4.5,95000,A historic bazaar and one of the oldest markets in the Middle East dating back to the 14th century.,Hire a local guide for the best experience,"El-Gamaleya, Islamic Cairo",09:00-23:00,
126,Cairo,Al-Azhar Mosque - Section 7,4.6,40000,"One of the oldest and most prestigious mosques in the Islamic world, founded in 970 AD.",Visit during sunset for the best photos,Islamic Cairo,09:00-17:00,
127,Cairo,Citadel of Saladin - Section 7,4.7,60000,A medieval Islamic fortification with stunning views and the magnificent Muhammad Ali Mosque.,Bring water and sun protection,"Salah Salem St, Cairo",08:00-17:00,180.0
128,Cairo,Muhammad Ali Mosque - Section 7,4.7,55000,"An Ottoman-style mosque known as the Alabaster Mosque, dominating Cairo's skyline.",Arrive early to avoid crowds and heat,"Citadel of Saladin, Cairo",08:00-17:00,180.0
129,Cairo,Coptic Cairo - Section 7,4.4,30000,"Home to the Hanging Church, Ben Ezra Synagogue, and the Coptic Museum.",Combine with nearby attractions for a full day trip,Old Cairo,09:00-17:00,100.0
130,Cairo,Hanging Church - Section 7,4.5,25000,"One of the oldest churches in Egypt, built on top of the southern gatehouse of the Roman Babylon Fortress.",Wear comfortable walking shoes,Coptic Cairo,09:00-16:00,50.0
131,Cairo,Al-Azhar Park - Section 7,4.3,20000,"A stunning public park with gardens, fountains, and views over Islamic Cairo.",Arrive early to avoid crowds and heat,"Salah Salem St, Cairo",09:00-23:00,30.0
132,Cairo,Islamic Cairo - Section 7,4.5,35000,"A historic area with medieval architecture, mosques, and madrasas from the Fatimid era.",Combine with nearby attractions for a full day trip,Islamic Cairo District,Open 24 hours,
133,Cairo,Saqqara - Section 7,4.6,20000,"The vast ancient burial ground serving as the necropolis for Memphis, featuring the Step Pyramid.",Check opening hours before visiting,"Saqqara, Giza",08:00-17:00,150.0
134,Cairo,Dahshur - Section 7,4.4,10000,"Home to the Bent Pyramid and the Red Pyramid, early experiments in pyramid construction.",Check opening hours before visiting,"Dahshur, Giza",08:00-17:00,100.0
135,Cairo,Memphis - Section 7,4.2,8000,The ancient capital of Egypt with the colossal statue of Ramses II.,Wear comfortable walking shoes,"Mit Rahina, Giza",08:00-17:00,80.0
136,Cairo,El Moez Street - Section 7,4.6,45000,A historic street in Islamic Cairo with the greatest concentration of medieval architectural treasures.,Bring water and sun protection,Islamic Cairo,Open 24 hours,
137,Cairo,Cairo Tower - Section 7,4.3,30000,A free-standing concrete tower offering panoramic views of Cairo and the Nile.,Wear comfortable walking shoes,"Zamalek, Cairo",09:00-00:00,150.0
138,Cairo,Nilometer - Section 7,4.1,5000,An ancient structure for measuring the Nile's clarity and water level during the annual flood season.,Arrive early to avoid crowds and heat,"Rhoda Island, Cairo",09:00-17:00,40.0
139,Cairo,Manial Palace - Section 7,4.4,12000,A former royal palace with beautiful gardens and ornate interiors.,Wear comfortable walking shoes,"Rhoda Island, Cairo",09:00-17:00,60.0
140,Cairo,Gayer-Anderson Museum - Section 7,4.3,8000,A historic house museum with an impressive collection of furniture and artifacts.,Visit during sunset for the best photos,"Sayyida Zeinab, Cairo",09:00-17:00,50.0
141,Cairo,Great Pyramids of Giza - Section 8,4.8,150000,"The last surviving wonder of the ancient world, these iconic pyramids date back to 2560 BC.",Combine with nearby attractions for a full day trip,"Al Haram, Nazlet El-Semman, Al Giza Desert, Giza",08:00-17:00,240.0
142,Cairo,The Sphinx - Section 8,4.7,140000,"A colossal limestone statue with the body of a lion and a human head, guarding the Giza plateau.",Arrive early to avoid crowds and heat,"Al Haram, Giza",08:00-17:00,240.0
143,Cairo,Egyptian Museum - Section 8,4.6,85000,Home to the world's largest collection of ancient Egyptian antiquities including Tutankhamun's treasures.,Arrive early to avoid crowds and heat,"Tahrir Square, Downtown Cairo",09:00-19:00,200.0
144,Cairo,Grand Egyptian Museum - Section 8,4.9,50000,"The world's largest archaeological museum dedicated to one civilization, opening near the Pyramids.",Hire a local guide for the best experience,Giza Plateau,09:00-21:00,350.0
145,Cairo,Khan El Khalili - Section 8,4.5,95000,A historic bazaar and one of the oldest markets in the Middle East dating back to the 14th century.,Check opening hours before visiting,"El-Gamaleya, Islamic Cairo",09:00-23:00,
146,Cairo,Al-Azhar Mosque - Section 8,4.6,40000,"One of the oldest and most prestigious mosques in the Islamic world, founded in 970 AD.",Visit during sunset for the best photos,Islamic Cairo,09:00-17:00,
147,Cairo,Citadel of Saladin - Section 8,4.7,60000,A medieval Islamic fortification with stunning views and the magnificent Muhammad Ali Mosque.,Visit during sunset for the best photos,"Salah Salem St, Cairo",08:00-17:00,180.0
148,Cairo,Muhammad Ali Mosque - Section 8,4.7,55000,"An Ottoman-style mosque known as the Alabaster Mosque, dominating Cairo's skyline.",Hire a local guide for the best experience,"Citadel of Saladin, Cairo",08:00-17:00,180.0
149,Cairo,Coptic Cairo - Section 8,4.4,30000,"Home to the Hanging Church, Ben Ezra Synagogue, and the Coptic Museum.",Wear comfortable walking shoes,Old Cairo,09:00-17:00,100.0
150,Cairo,Hanging Church - Section 8,4.5,25000,"One of the oldest churches in Egypt, built on top of the southern gatehouse of the Roman Babylon Fortress.",Combine with nearby attractions for a full day trip,Coptic Cairo,09:00-16:00,50.0
151,Cairo,Al-Azhar Park - Section 8,4.3,20000,"A stunning public park with gardens, fountains, and views over Islamic Cairo.",Book tickets online in advance,"Salah Salem St, Cairo",09:00-23:00,30.0
152,Cairo,Islamic Cairo - Section 8,4.5,35000,"A historic area with medieval architecture, mosques, and madrasas from the Fatimid era.",Bring water and sun protection,Islamic Cairo District,Open 24 hours,
153,Cairo,Saqqara - Section 8,4.6,20000,"The vast ancient burial ground serving as the necropolis for Memphis, featuring the Step Pyramid.",Check opening hours before visiting,"Saqqara, Giza",08:00-17:00,150.0
154,Cairo,Dahshur - Section 8,4.4,10000,"Home to the Bent Pyramid and the Red Pyramid, early experiments in pyramid construction.",Visit during sunset for the best photos,"Dahshur, Giza",08:00-17:00,100.0
155,Cairo,Memphis - Section 8,4.2,8000,The ancient capital of Egypt with the colossal statue of Ramses II.,Check opening hours before visiting,"Mit Rahina, Giza",08:00-17:00,80.0
156,Cairo,El Moez Street - Section 8,4.6,45000,A historic street in Islamic Cairo with the greatest concentration of medieval architectural treasures.,Book tickets online in advance,Islamic Cairo,Open 24 hours,
157,Cairo,Cairo Tower - Section 8,4.3,30000,A free-standing concrete tower offering panoramic views of Cairo and the Nile.,Combine with nearby attractions for a full day trip,"Zamalek, Cairo",09:00-00:00,150.0
158,Cairo,Nilometer - Section 8,4.1,5000,An ancient structure for measuring the Nile's clarity and water level during the annual flood season.,Bring water and sun protection,"Rhoda Island, Cairo",09:00-17:00,40.0
159,Alexandria,Bibliotheca Alexandrina - Section 1,4.7,50000,A major library and cultural center commemorating the ancient Library of Alexandria.,Visit during sunset for the best photos,"El Shatby, Alexandria",09:00-21:00,100.0
160,Alexandria,Citadel of Qaitbay - Section 1,4.6,40000,A 15th-century fortress built on the site of the ancient Lighthouse of Alexandria.,Arrive early to avoid crowds and heat,"Eastern Harbor, Alexandria",09:00-18:00,80.0
161,Alexandria,Montaza Palace - Section 1,4.5,35000,A royal palace with extensive gardens overlooking the Mediterranean Sea.,Visit during sunset for the best photos,"Montaza, Alexandria",09:00-22:00,50.0
162,Alexandria,Catacombs of Kom El Shoqafa - Section 1,4.5,25000,"One of the Seven Wonders of the Middle Ages, a multi-level Roman burial complex.",Bring water and sun protection,"Karmuz, Alexandria",09:00-17:00,80.0
163,Alexandria,Pompey's Pillar - Section 1,4.3,15000,A Roman triumphal column and the largest monument of its kind in Alexandria.,Wear comfortable walking shoes,"Kom El Deka, Alexandria",09:00-17:00,60.0
164,Alexandria,Roman Amphitheatre - Section 1,4.4,18000,A well-preserved Roman theater with marble galleries and mosaic floors.,Book tickets online in advance,"Kom El Deka, Alexandria",09:00-17:00,80.0
165,Alexandria,Alexandria National Museum - Section 1,4.3,20000,A museum showcasing Egyptian artifacts from Pharaonic to modern times.,Check opening hours before visiting,"Saad Zaghloul St, Alexandria",09:00-17:00,60.0
166,Alexandria,Stanley Bridge - Section 1,4.2,30000,An iconic bridge and beach area popular for evening walks and photos.,Wear comfortable walking shoes,"Stanley, Alexandria",Open 24 hours,
167,Alexandria,Gardens of Montaza - Section 1,4.4,22000,Beautiful landscaped gardens with palm trees and Mediterranean views.,Arrive early to avoid crowds and heat,"Montaza, Alexandria",08:00-22:00,30.0
168,Alexandria,El Mursi Abul Abbas Mosque - Section 1,4.5,15000,One of the most important and beautiful mosques in Alexandria.,Bring water and sun protection,"Anfoushi, Alexandria",Open 24 hours,
169,Alexandria,Bibliotheca Alexandrina - Section 2,4.7,50000,A major library and cultural center commemorating the ancient Library of Alexandria.,Combine with nearby attractions for a full day trip,"El Shatby, Alexandria",09:00-21:00,100.0
170,Alexandria,Citadel of Qaitbay - Section 2,4.6,40000,A 15th-century fortress built on the site of the ancient Lighthouse of Alexandria.,Wear comfortable walking shoes,"Eastern Harbor, Alexandria",09:00-18:00,80.0
171,Alexandria,Montaza Palace - Section 2,4.5,35000,A royal palace with extensive gardens overlooking the Mediterranean Sea.,Bring water and sun protection,"Montaza, Alexandria",09:00-22:00,50.0
172,Alexandria,Catacombs of Kom El Shoqafa - Section 2,4.5,25000,"One of the Seven Wonders of the Middle Ages, a multi-level Roman burial complex.",Visit during sunset for the best photos,"Karmuz, Alexandria",09:00-17:00,80.0
173,Alexandria,Pompey's Pillar - Section 2,4.3,15000,A Roman triumphal column and the largest monument of its kind in Alexandria.,Check opening hours before visiting,"Kom El Deka, Alexandria",09:00-17:00,60.0
174,Alexandria,Roman Amphitheatre - Section 2,4.4,18000,A well-preserved Roman theater with marble galleries and mosaic floors.,Combine with nearby attractions for a full day trip,"Kom El Deka, Alexandria",09:00-17:00,80.0
175,Alexandria,Alexandria National Museum - Section 2,4.3,20000,A museum showcasing Egyptian artifacts from Pharaonic to modern times.,Hire a local guide for the best experience,"Saad Zaghloul St, Alexandria",09:00-17:00,60.0
176,Alexandria,Stanley Bridge - Section 2,4.2,30000,An iconic bridge and beach area popular for evening walks and photos.,Hire a local guide for the best experience,"Stanley, Alexandria",Open 24 hours,
177,Alexandria,Gardens of Montaza - Section 2,4.4,22000,Beautiful landscaped gardens with palm trees and Mediterranean views.,Wear comfortable walking shoes,"Montaza, Alexandria",08:00-22:00,30.0
178,Alexandria,El Mursi Abul Abbas Mosque - Section 2,4.5,15000,One of the most important and beautiful mosques in Alexandria.,Arrive early to avoid crowds and heat,"Anfoushi, Alexandria",Open 24 hours,
179,Alexandria,Bibliotheca Alexandrina - Section 3,4.7,50000,A major library and cultural center commemorating the ancient Library of Alexandria.,Bring water and sun protection,"El Shatby, Alexandria",09:00-21:00,100.0
180,Alexandria,Citadel of Qaitbay - Section 3,4.6,40000,A 15th-century fortress built on the site of the ancient Lighthouse of Alexandria.,Book tickets online in advance,"Eastern Harbor, Alexandria",09:00-18:00,80.0
181,Alexandria,Montaza Palace - Section 3,4.5,35000,A royal palace with extensive gardens overlooking the Mediterranean Sea.,Arrive early to avoid crowds and heat,"Montaza, Alexandria",09:00-22:00,50.0
182,Alexandria,Catacombs of Kom El Shoqafa - Section 3,4.5,25000,"One of the Seven Wonders of the Middle Ages, a multi-level Roman burial complex.",Combine with nearby attractions for a full day trip,"Karmuz, Alexandria",09:00-17:00,80.0
183,Alexandria,Pompey's Pillar - Section 3,4.3,15000,A Roman triumphal column and the largest monument of its kind in Alexandria.,Wear comfortable walking shoes,"Kom El Deka, Alexandria",09:00-17:00,60.0
184,Alexandria,Roman Amphitheatre - Section 3,4.4,18000,A well-preserved Roman theater with marble galleries and mosaic floors.,Arrive early to avoid crowds and heat,"Kom El Deka, Alexandria",09:00-17:00,80.0
185,Alexandria,Alexandria National Museum - Section 3,4.3,20000,A museum showcasing Egyptian artifacts from Pharaonic to modern times.,Wear comfortable walking shoes,"Saad Zaghloul St, Alexandria",09:00-17:00,60.0
186,Alexandria,Stanley Bridge - Section 3,4.2,30000,An iconic bridge and beach area popular for evening walks and photos.,Visit during sunset for the best photos,"Stanley, Alexandria",Open 24 hours,
187,Alexandria,Gardens of Montaza - Section 3,4.4,22000,Beautiful landscaped gardens with palm trees and Mediterranean views.,Combine with nearby attractions for a full day trip,"Montaza, Alexandria",08:00-22:00,30.0
188,Alexandria,El Mursi Abul Abbas Mosque - Section 3,4.5,15000,One of the most important and beautiful mosques in Alexandria.,Check opening hours before visiting,"Anfoushi, Alexandria",Open 24 hours,
189,Alexandria,Bibliotheca Alexandrina - Section 4,4.7,50000,A major library and cultural center commemorating the ancient Library of Alexandria.,Book tickets online in advance,"El Shatby, Alexandria",09:00-21:00,100.0
190,Alexandria,Citadel of Qaitbay - Section 4,4.6,40000,A 15th-century fortress built on the site of the ancient Lighthouse of Alexandria.,Bring water and sun protection,"Eastern Harbor, Alexandria",09:00-18:00,80.0
191,Alexandria,Montaza Palace - Section 4,4.5,35000,A royal palace with extensive gardens overlooking the Mediterranean Sea.,Combine with nearby attractions for a full day trip,"Montaza, Alexandria",09:00-22:00,50.0
192,Alexandria,Catacombs of Kom El Shoqafa - Section 4,4.5,25000,"One of the Seven Wonders of the Middle Ages, a multi-level Roman burial complex.",Bring water and sun protection,"Karmuz, Alexandria",09:00-17:00,80.0
193,Alexandria,Pompey's Pillar - Section 4,4.3,15000,A Roman triumphal column and the largest monument of its kind in Alexandria.,Bring water and sun protection,"Kom El Deka, Alexandria",09:00-17:00,60.0
194,Alexandria,Roman Amphitheatre - Section 4,4.4,18000,A well-preserved Roman theater with marble galleries and mosaic floors.,Arrive early to avoid crowds and heat,"Kom El Deka, Alexandria",09:00-17:00,80.0
195,Alexandria,Alexandria National Museum - Section 4,4.3,20000,A museum showcasing Egyptian artifacts from Pharaonic to modern times.,Visit during sunset for the best photos,"Saad Zaghloul St, Alexandria",09:00-17:00,60.0
196,Alexandria,Stanley Bridge - Section 4,4.2,30000,An iconic bridge and beach area popular for evening walks and photos.,Arrive early to avoid crowds and heat,"Stanley, Alexandria",Open 24 hours,
197,Alexandria,Gardens of Montaza - Section 4,4.4,22000,Beautiful landscaped gardens with palm trees and Mediterranean views.,Hire a local guide for the best experience,"Montaza, Alexandria",08:00-22:00,30.0
198,Alexandria,El Mursi Abul Abbas Mosque - Section 4,4.5,15000,One of the most important and beautiful mosques in Alexandria.,Hire a local guide for the best experience,"Anfoushi, Alexandria",Open 24 hours,
199,Alexandria,Bibliotheca Alexandrina - Section 5,4.7,50000,A major library and cultural center commemorating the ancient Library of Alexandria.,Bring water and sun protection,"El Shatby, Alexandria",09:00-21:00,100.0
200,Alexandria,Citadel of Qaitbay - Section 5,4.6,40000,A 15th-century fortress built on the site of the ancient Lighthouse of Alexandria.,Visit during sunset for the best photos,"Eastern Harbor, Alexandria",09:00-18:00,80.0
201,Alexandria,Montaza Palace - Section 5,4.5,35000,A royal palace with extensive gardens overlooking the Mediterranean Sea.,Combine with nearby attractions for a full day trip,"Montaza, Alexandria",09:00-22:00,50.0
202,Alexandria,Catacombs of Kom El Shoqafa - Section 5,4.5,25000,"One of the Seven Wonders of the Middle Ages, a multi-level Roman burial complex.",Bring water and sun protection,"Karmuz, Alexandria",09:00-17:00,80.0
203,Alexandria,Pompey's Pillar - Section 5,4.3,15000,A Roman triumphal column and the largest monument of its kind in Alexandria.,Combine with nearby attractions for a full day trip,"Kom El Deka, Alexandria",09:00-17:00,60.0
204,Alexandria,Roman Amphitheatre - Section 5,4.4,18000,A well-preserved Roman theater with marble galleries and mosaic floors.,Bring water and sun protection,"Kom El Deka, Alexandria",09:00-17:00,80.0
205,Alexandria,Alexandria National Museum - Section 5,4.3,20000,A museum showcasing Egyptian artifacts from Pharaonic to modern times.,Check opening hours before visiting,"Saad Zaghloul St, Alexandria",09:00-17:00,60.0
206,Alexandria,Stanley Bridge - Section 5,4.2,30000,An iconic bridge and beach area popular for evening walks and photos.,Arrive early to avoid crowds and heat,"Stanley, Alexandria",Open 24 hours,
207,Alexandria,Gardens of Montaza - Section 5,4.4,22000,Beautiful landscaped gardens with palm trees and Mediterranean views.,Check opening hours before visiting,"Montaza, Alexandria",08:00-22:00,30.0
208,Alexandria,El Mursi Abul Abbas Mosque - Section 5,4.5,15000,One of the most important and beautiful mosques in Alexandria.,Bring water and sun protection,"Anfoushi, Alexandria",Open 24 hours,
209,Alexandria,Bibliotheca Alexandrina - Section 6,4.7,50000,A major library and cultural center commemorating the ancient Library of Alexandria.,Bring water and sun protection,"El Shatby, Alexandria",09:00-21:00,100.0
210,Alexandria,Citadel of Qaitbay - Section 6,4.6,40000,A 15th-century fortress built on the site of the ancient Lighthouse of Alexandria.,Visit during sunset for the best photos,"Eastern Harbor, Alexandria",09:00-18:00,80.0
211,Alexandria,Montaza Palace - Section 6,4.5,35000,A royal palace with extensive gardens overlooking the Mediterranean Sea.,Visit during sunset for the best photos,"Montaza, Alexandria",09:00-22:00,50.0
212,Alexandria,Catacombs of Kom El Shoqafa - Section 6,4.5,25000,"One of the Seven Wonders of the Middle Ages, a multi-level Roman burial complex.",Wear comfortable walking shoes,"Karmuz, Alexandria",09:00-17:00,80.0
213,Alexandria,Pompey's Pillar - Section 6,4.3,15000,A Roman triumphal column and the largest monument of its kind in Alexandria.,Combine with nearby attractions for a full day trip,"Kom El Deka, Alexandria",09:00-17:00,60.0
214,Alexandria,Roman Amphitheatre - Section 6,4.4,18000,A well-preserved Roman theater with marble galleries and mosaic floors.,Visit during sunset for the best photos,"Kom El Deka, Alexandria",09:00-17:00,80.0
215,Alexandria,Alexandria National Museum - Section 6,4.3,20000,A museum showcasing Egyptian artifacts from Pharaonic to modern times.,Bring water and sun protection,"Saad Zaghloul St, Alexandria",09:00-17:00,60.0
216,Alexandria,Stanley Bridge - Section 6,4.2,30000,An iconic bridge and beach area popular for evening walks and photos.,Visit during sunset for the best photos,"Stanley, Alexandria",Open 24 hours,
217,Luxor,Valley of the Kings - Section 1,4.9,120000,The ancient burial ground of pharaohs with 63 tombs including Tutankhamun's.,Visit during sunset for the best photos,"West Bank, Luxor",06:00-17:00,300.0
218,Luxor,Karnak Temple - Section 1,4.8,90000,"The largest ancient religious site in the world, dedicated to the Theban triad of gods.",Book tickets online in advance,"Karnak, Luxor",06:00-18:00,250.0
219,Luxor,Luxor Temple - Section 1,4.7,80000,"A magnificent temple complex on the east bank of the Nile, illuminated at night.",Book tickets online in advance,"Corniche El Nile, Luxor",06:00-22:00,200.0
220,Luxor,Temple of Hatshepsut - Section 1,4.8,70000,A stunning mortuary temple built into a cliff face for Egypt's female pharaoh.,Hire a local guide for the best experience,"Deir El Bahari, West Bank, Luxor",06:00-17:00,200.0
221,Luxor,Valley of the Queens - Section 1,4.5,30000,The burial place of royal wives and children from the 18th to 20th dynasties.,Arrive early to avoid crowds and heat,"West Bank, Luxor",06:00-17:00,150.0
222,Luxor,Colossi of Memnon - Section 1,4.4,45000,"Two massive stone statues of Pharaoh Amenhotep III that have stood for 3,400 years.",Wear comfortable walking shoes,"West Bank, Luxor",Open 24 hours,
223,Luxor,Medinet Habu - Section 1,4.6,25000,The mortuary temple of Ramses III with well-preserved reliefs and colors.,Wear comfortable walking shoes,"West Bank, Luxor",06:00-17:00,150.0
224,Luxor,Luxor Museum - Section 1,4.5,15000,A carefully curated museum with high-quality artifacts from the Theban area.,Arrive early to avoid crowds and heat,"Corniche El Nile, Luxor",09:00-21:00,120.0
225,Luxor,Tombs of the Nobles - Section 1,4.3,12000,Colorful tombs belonging to high officials of ancient Thebes.,Visit during sunset for the best photos,"West Bank, Luxor",06:00-17:00,100.0
226,Luxor,Deir El Medina - Section 1,4.4,8000,The ancient workers' village where the artisans who built the royal tombs lived.,Hire a local guide for the best experience,"West Bank, Luxor",06:00-17:00,80.0
227,Luxor,Valley of the Kings - Section 2,4.9,120000,The ancient burial ground of pharaohs with 63 tombs including Tutankhamun's.,Hire a local guide for the best experience,"West Bank, Luxor",06:00-17:00,300.0
228,Luxor,Karnak Temple - Section 2,4.8,90000,"The largest ancient religious site in the world, dedicated to the Theban triad of gods.",Combine with nearby attractions for a full day trip,"Karnak, Luxor",06:00-18:00,250.0
229,Luxor,Luxor Temple - Section 2,4.7,80000,"A magnificent temple complex on the east bank of the Nile, illuminated at night.",Wear comfortable walking shoes,"Corniche El Nile, Luxor",06:00-22:00,200.0
230,Luxor,Temple of Hatshepsut - Section 2,4.8,70000,A stunning mortuary temple built into a cliff face for Egypt's female pharaoh.,Book tickets online in advance,"Deir El Bahari, West Bank, Luxor",06:00-17:00,200.0
231,Luxor,Valley of the Queens - Section 2,4.5,30000,The burial place of royal wives and children from the 18th to 20th dynasties.,Hire a local guide for the best experience,"West Bank, Luxor",06:00-17:00,150.0
232,Luxor,Colossi of Memnon - Section 2,4.4,45000,"Two massive stone statues of Pharaoh Amenhotep III that have stood for 3,400 years.",Bring water and sun protection,"West Bank, Luxor",Open 24 hours,
233,Luxor,Medinet Habu - Section 2,4.6,25000,The mortuary temple of Ramses III with well-preserved reliefs and colors.,Combine with nearby attractions for a full day trip,"West Bank, Luxor",06:00-17:00,150.0
234,Luxor,Luxor Museum - Section 2,4.5,15000,A carefully curated museum with high-quality artifacts from the Theban area.,Wear comfortable walking shoes,"Corniche El Nile, Luxor",09:00-21:00,120.0
235,Luxor,Tombs of the Nobles - Section 2,4.3,12000,Colorful tombs belonging to high officials of ancient Thebes.,Visit during sunset for the best photos,"West Bank, Luxor",06:00-17:00,100.0
236,Luxor,Deir El Medina - Section 2,4.4,8000,The ancient workers' village where the artisans who built the royal tombs lived.,Bring water and sun protection,"West Bank, Luxor",06:00-17:00,80.0
237,Luxor,Valley of the Kings - Section 3,4.9,120000,The ancient burial ground of pharaohs with 63 tombs including Tutankhamun's.,Arrive early to avoid crowds and heat,"West Bank, Luxor",06:00-17:00,300.0
238,Luxor,Karnak Temple - Section 3,4.8,90000,"The largest ancient religious site in the world, dedicated to the Theban triad of gods.",Wear comfortable walking shoes,"Karnak, Luxor",06:00-18:00,250.0
239,Luxor,Luxor Temple - Section 3,4.7,80000,"A magnificent temple complex on the east bank of the Nile, illuminated at night.",Book tickets online in advance,"Corniche El Nile, Luxor",06:00-22:00,200.0
240,Luxor,Temple of Hatshepsut - Section 3,4.8,70000,A stunning mortuary temple built into a cliff face for Egypt's female pharaoh.,Bring water and sun protection,"Deir El Bahari, West Bank, Luxor",06:00-17:00,200.0
241,Luxor,Valley of the Queens - Section 3,4.5,30000,The burial place of royal wives and children from the 18th to 20th dynasties.,Visit during sunset for the best photos,"West Bank, Luxor",06:00-17:00,150.0
242,Luxor,Colossi of Memnon - Section 3,4.4,45000,"Two massive stone statues of Pharaoh Amenhotep III that have stood for 3,400 years.",Check opening hours before visiting,"West Bank, Luxor",Open 24 hours,
243,Luxor,Medinet Habu - Section 3,4.6,25000,The mortuary temple of Ramses III with well-preserved reliefs and colors.,Bring water and sun protection,"West Bank, Luxor",06:00-17:00,150.0
244,Luxor,Luxor Museum - Section 3,4.5,15000,A carefully curated museum with high-quality artifacts from the Theban area.,Bring water and sun protection,"Corniche El Nile, Luxor",09:00-21:00,120.0
245,Luxor,Tombs of the Nobles - Section 3,4.3,12000,Colorful tombs belonging to high officials of ancient Thebes.,Hire a local guide for the best experience,"West Bank, Luxor",06:00-17:00,100.0
246,Luxor,Deir El Medina - Section 3,4.4,8000,The ancient workers' village where the artisans who built the royal tombs lived.,Book tickets online in advance,"West Bank, Luxor",06:00-17:00,80.0
247,Luxor,Valley of the Kings - Section 4,4.9,120000,The ancient burial ground of pharaohs with 63 tombs including Tutankhamun's.,Arrive early to avoid crowds and heat,"West Bank, Luxor",06:00-17:00,300.0
248,Luxor,Karnak Temple - Section 4,4.8,90000,"The largest ancient religious site in the world, dedicated to the Theban triad of gods.",Check opening hours before visiting,"Karnak, Luxor",06:00-18:00,250.0
249,Luxor,Luxor Temple - Section 4,4.7,80000,"A magnificent temple complex on the east bank of the Nile, illuminated at night.",Visit during sunset for the best photos,"Corniche El Nile, Luxor",06:00-22:00,200.0
250,Luxor,Temple of Hatshepsut - Section 4,4.8,70000,A stunning mortuary temple built into a cliff face for Egypt's female pharaoh.,Combine with nearby attractions for a full day trip,"Deir El Bahari, West Bank, Luxor",06:00-17:00,200.0
251,Luxor,Valley of the Queens - Section 4,4.5,30000,The burial place of royal wives and children from the 18th to 20th dynasties.,Combine with nearby attractions for a full day trip,"West Bank, Luxor",06:00-17:00,150.0
252,Luxor,Colossi of Memnon - Section 4,4.4,45000,"Two massive stone statues of Pharaoh Amenhotep III that have stood for 3,400 years.",Visit during sunset for the best photos,"West Bank, Luxor",Open 24 hours,
253,Luxor,Medinet Habu - Section 4,4.6,25000,The mortuary temple of Ramses III with well-preserved reliefs and colors.,Arrive early to avoid crowds and heat,"West Bank, Luxor",06:00-17:00,150.0
254,Luxor,Luxor Museum - Section 4,4.5,15000,A carefully curated museum with high-quality artifacts from the Theban area.,Visit during sunset for the best photos,"Corniche El Nile, Luxor",09:00-21:00,120.0
255,Luxor,Tombs of the Nobles - Section 4,4.3,12000,Colorful tombs belonging to high officials of ancient Thebes.,Hire a local guide for the best experience,"West Bank, Luxor",06:00-17:00,100.0
256,Luxor,Deir El Medina - Section 4,4.4,8000,The ancient workers' village where the artisans who built the royal tombs lived.,Check opening hours before visiting,"West Bank, Luxor",06:00-17:00,80.0
257,Luxor,Valley of the Kings - Section 5,4.9,120000,The ancient burial ground of pharaohs with 63 tombs including Tutankhamun's.,Combine with nearby attractions for a full day trip,"West Bank, Luxor",06:00-17:00,300.0
258,Luxor,Karnak Temple - Section 5,4.8,90000,"The largest ancient religious site in the world, dedicated to the Theban triad of gods.",Wear comfortable walking shoes,"Karnak, Luxor",06:00-18:00,250.0
259,Luxor,Luxor Temple - Section 5,4.7,80000,"A magnificent temple complex on the east bank of the Nile, illuminated at night.",Combine with nearby attractions for a full day trip,"Corniche El Nile, Luxor",06:00-22:00,200.0
260,Luxor,Temple of Hatshepsut - Section 5,4.8,70000,A stunning mortuary temple built into a cliff face for Egypt's female pharaoh.,Wear comfortable walking shoes,"Deir El Bahari, West Bank, Luxor",06:00-17:00,200.0
261,Luxor,Valley of the Queens - Section 5,4.5,30000,The burial place of royal wives and children from the 18th to 20th dynasties.,Bring water and sun protection,"West Bank, Luxor",06:00-17:00,150.0
262,Luxor,Colossi of Memnon - Section 5,4.4,45000,"Two massive stone statues of Pharaoh Amenhotep III that have stood for 3,400 years.",Hire a local guide for the best experience,"West Bank, Luxor",Open 24 hours,
263,Luxor,Medinet Habu - Section 5,4.6,25000,The mortuary temple of Ramses III with well-preserved reliefs and colors.,Combine with nearby attractions for a full day trip,"West Bank, Luxor",06:00-17:00,150.0
264,Luxor,Luxor Museum - Section 5,4.5,15000,A carefully curated museum with high-quality artifacts from the Theban area.,Hire a local guide for the best experience,"Corniche El Nile, Luxor",09:00-21:00,120.0
265,Luxor,Tombs of the Nobles - Section 5,4.3,12000,Colorful tombs belonging to high officials of ancient Thebes.,Check opening hours before visiting,"West Bank, Luxor",06:00-17:00,100.0
266,Luxor,Deir El Medina - Section 5,4.4,8000,The ancient workers' village where the artisans who built the royal tombs lived.,Hire a local guide for the best experience,"West Bank, Luxor",06:00-17:00,80.0
267,Luxor,Valley of the Kings - Section 6,4.9,120000,The ancient burial ground of pharaohs with 63 tombs including Tutankhamun's.,Arrive early to avoid crowds and heat,"West Bank, Luxor",06:00-17:00,300.0
268,Luxor,Karnak Temple - Section 6,4.8,90000,"The largest ancient religious site in the world, dedicated to the Theban triad of gods.",Combine with nearby attractions for a full day trip,"Karnak, Luxor",06:00-18:00,250.0
269,Luxor,Luxor Temple - Section 6,4.7,80000,"A magnificent temple complex on the east bank of the Nile, illuminated at night.",Wear comfortable walking shoes,"Corniche El Nile, Luxor",06:00-22:00,200.0
270,Luxor,Temple of Hatshepsut - Section 6,4.8,70000,A stunning mortuary temple built into a cliff face for Egypt's female pharaoh.,Book tickets online in advance,"Deir El Bahari, West Bank, Luxor",06:00-17:00,200.0
271,Luxor,Valley of the Queens - Section 6,4.5,30000,The burial place of royal wives and children from the 18th to 20th dynasties.,Check opening hours before visiting,"West Bank, Luxor",06:00-17:00,150.0
272,Luxor,Colossi of Memnon - Section 6,4.4,45000,"Two massive stone statues of Pharaoh Amenhotep III that have stood for 3,400 years.",Wear comfortable walking shoes,"West Bank, Luxor",Open 24 hours,
273,Luxor,Medinet Habu - Section 6,4.6,25000,The mortuary temple of Ramses III with well-preserved reliefs and colors.,Check opening hours before visiting,"West Bank, Luxor",06:00-17:00,150.0
274,Luxor,Luxor Museum - Section 6,4.5,15000,A carefully curated museum with high-quality artifacts from the Theban area.,Check opening hours before visiting,"Corniche El Nile, Luxor",09:00-21:00,120.0
275,Luxor,Tombs of the Nobles - Section 6,4.3,12000,Colorful tombs belonging to high officials of ancient Thebes.,Arrive early to avoid crowds and heat,"West Bank, Luxor",06:00-17:00,100.0
276,Luxor,Deir El Medina - Section 6,4.4,8000,The ancient workers' village where the artisans who built the royal tombs lived.,Arrive early to avoid crowds and heat,"West Bank, Luxor",06:00-17:00,80.0
277,Luxor,Valley of the Kings - Section 7,4.9,120000,The ancient burial ground of pharaohs with 63 tombs including Tutankhamun's.,Check opening hours before visiting,"West Bank, Luxor",06:00-17:00,300.0
278,Luxor,Karnak Temple - Section 7,4.8,90000,"The largest ancient religious site in the world, dedicated to the Theban triad of gods.",Hire a local guide for the best experience,"Karnak, Luxor",06:00-18:00,250.0
279,Luxor,Luxor Temple - Section 7,4.7,80000,"A magnificent temple complex on the east bank of the Nile, illuminated at night.",Book tickets online in advance,"Corniche El Nile, Luxor",06:00-22:00,200.0
280,Luxor,Temple of Hatshepsut - Section 7,4.8,70000,A stunning mortuary temple built into a cliff face for Egypt's female pharaoh.,Arrive early to avoid crowds and heat,"Deir El Bahari, West Bank, Luxor",06:00-17:00,200.0
281,Luxor,Valley of the Queens - Section 7,4.5,30000,The burial place of royal wives and children from the 18th to 20th dynasties.,Book tickets online in advance,"West Bank, Luxor",06:00-17:00,150.0
282,Luxor,Colossi of Memnon - Section 7,4.4,45000,"Two massive stone statues of Pharaoh Amenhotep III that have stood for 3,400 years.",Combine with nearby attractions for a full day trip,"West Bank, Luxor",Open 24 hours,
283,Sharm El Sheikh,Ras Mohammed National Park - Section 1,4.8,40000,Egypt's most famous national park with stunning coral reefs and marine life.,Hire a local guide for the best experience,South Sinai,08:00-17:00,200.0
284,Sharm El Sheikh,Naama Bay - Section 1,4.3,60000,"The heart of Sharm El Sheikh with beaches, restaurants, and nightlife.",Arrive early to avoid crowds and heat,"Naama Bay, Sharm El Sheikh",Open 24 hours,
285,Sharm El Sheikh,Tiran Island - Section 1,4.6,25000,A beautiful island with world-class snorkeling and diving spots.,Book tickets online in advance,Strait of Tiran,08:00-17:00,350.0
286,Sharm El Sheikh,Shark's Bay - Section 1,4.5,20000,A popular diving spot known for its coral reefs and marine biodiversity.,Visit during sunset for the best photos,"Shark's Bay, Sharm El Sheikh",Open 24 hours,
287,Sharm El Sheikh,Old Market (El Sahaba) - Section 1,4.4,35000,"A traditional market with local crafts, spices, and the beautiful Al Sahaba Mosque.",Wear comfortable walking shoes,"Sharm El Maya, Sharm El Sheikh",09:00-23:00,
288,Sharm El Sheikh,Soho Square - Section 1,4.3,30000,"A modern entertainment complex with restaurants, shops, and the dancing fountain.",Arrive early to avoid crowds and heat,"White Knight Bay, Sharm El Sheikh",18:00-02:00,
289,Sharm El Sheikh,Colored Canyon - Section 1,4.7,15000,A stunning canyon with colorful rock formations in the Sinai desert.,Arrive early to avoid crowds and heat,"Nuweiba, South Sinai",06:00-18:00,150.0
290,Sharm El Sheikh,Saint Catherine's Monastery - Section 1,4.8,10000,One of the oldest continuously inhabited Christian monasteries at the foot of Mount Sinai.,Arrive early to avoid crowds and heat,"Saint Catherine, South Sinai",09:00-12:00,100.0
291,Sharm El Sheikh,Mount Sinai - Section 1,4.7,8000,The biblical mountain where Moses received the Ten Commandments.,Book tickets online in advance,"Saint Catherine, South Sinai",Open 24 hours,
292,Sharm El Sheikh,Farsha Mountain Lounge - Section 1,4.5,25000,A unique outdoor cafe built into the mountainside with bohemian decor.,Bring water and sun protection,"Hadaba, Sharm El Sheikh",12:00-02:00,
293,Sharm El Sheikh,Ras Mohammed National Park - Section 2,4.8,40000,Egypt's most famous national park with stunning coral reefs and marine life.,Check opening hours before visiting,South Sinai,08:00-17:00,200.0
294,Sharm El Sheikh,Naama Bay - Section 2,4.3,60000,"The heart of Sharm El Sheikh with beaches, restaurants, and nightlife.",Combine with nearby attractions for a full day trip,"Naama Bay, Sharm El Sheikh",Open 24 hours,
295,Sharm El Sheikh,Tiran Island - Section 2,4.6,25000,A beautiful island with world-class snorkeling and diving spots.,Wear comfortable walking shoes,Strait of Tiran,08:00-17:00,350.0
296,Sharm El Sheikh,Shark's Bay - Section 2,4.5,20000,A popular diving spot known for its coral reefs and marine biodiversity.,Arrive early to avoid crowds and heat,"Shark's Bay, Sharm El Sheikh",Open 24 hours,
297,Sharm El Sheikh,Old Market (El Sahaba) - Section 2,4.4,35000,"A traditional market with local crafts, spices, and the beautiful Al Sahaba Mosque.",Visit during sunset for the best photos,"Sharm El Maya, Sharm El Sheikh",09:00-23:00,
298,Sharm El Sheikh,Soho Square - Section 2,4.3,30000,"A modern entertainment complex with restaurants, shops, and the dancing fountain.",Visit during sunset for the best photos,"White Knight Bay, Sharm El Sheikh",18:00-02:00,
299,Sharm El Sheikh,Colored Canyon - Section 2,4.7,15000,A stunning canyon with colorful rock formations in the Sinai desert.,Check opening hours before visiting,"Nuweiba, South Sinai",06:00-18:00,150.0
300,Sharm El Sheikh,Saint Catherine's Monastery - Section 2,4.8,10000,One of the oldest continuously inhabited Christian monasteries at the foot of Mount Sinai.,Hire a local guide for the best experience,"Saint Catherine, South Sinai",09:00-12:00,100.0
301,Sharm El Sheikh,Mount Sinai - Section 2,4.7,8000,The biblical mountain where Moses received the Ten Commandments.,Bring water and sun protection,"Saint Catherine, South Sinai",Open 24 hours,
302,Sharm El Sheikh,Farsha Mountain Lounge - Section 2,4.5,25000,A unique outdoor cafe built into the mountainside with bohemian decor.,Bring water and sun protection,"Hadaba, Sharm El Sheikh",12:00-02:00,
303,Sharm El Sheikh,Ras Mohammed National Park - Section 3,4.8,40000,Egypt's most famous national park with stunning coral reefs and marine life.,Book tickets online in advance,South Sinai,08:00-17:00,200.0
304,Sharm El Sheikh,Naama Bay - Section 3,4.3,60000,"The heart of Sharm El Sheikh with beaches, restaurants, and nightlife.",Hire a local guide for the best experience,"Naama Bay, Sharm El Sheikh",Open 24 hours,
305,Sharm El Sheikh,Tiran Island - Section 3,4.6,25000,A beautiful island with world-class snorkeling and diving spots.,Wear comfortable walking shoes,Strait of Tiran,08:00-17:00,350.0
306,Sharm El Sheikh,Shark's Bay - Section 3,4.5,20000,A popular diving spot known for its coral reefs and marine biodiversity.,Book tickets online in advance,"Shark's Bay, Sharm El Sheikh",Open 24 hours,
307,Sharm El Sheikh,Old Market (El Sahaba) - Section 3,4.4,35000,"A traditional market with local crafts, spices, and the beautiful Al Sahaba Mosque.",Hire a local guide for the best experience,"Sharm El Maya, Sharm El Sheikh",09:00-23:00,
308,Sharm El Sheikh,Soho Square - Section 3,4.3,30000,"A modern entertainment complex with restaurants, shops, and the dancing fountain.",Combine with nearby attractions for a full day trip,"White Knight Bay, Sharm El Sheikh",18:00-02:00,
309,Sharm El Sheikh,Colored Canyon - Section 3,4.7,15000,A stunning canyon with colorful rock formations in the Sinai desert.,Bring water and sun protection,"Nuweiba, South Sinai",06:00-18:00,150.0
310,Sharm El Sheikh,Saint Catherine's Monastery - Section 3,4.8,10000,One of the oldest continuously inhabited Christian monasteries at the foot of Mount Sinai.,Wear comfortable walking shoes,"Saint Catherine, South Sinai",09:00-12:00,100.0
311,Sharm El Sheikh,Mount Sinai - Section 3,4.7,8000,The biblical mountain where Moses received the Ten Commandments.,Combine with nearby attractions for a full day trip,"Saint Catherine, South Sinai",Open 24 hours,
312,Sharm El Sheikh,Farsha Mountain Lounge - Section 3,4.5,25000,A unique outdoor cafe built into the mountainside with bohemian decor.,Wear comfortable walking shoes,"Hadaba, Sharm El Sheikh",12:00-02:00,
313,Sharm El Sheikh,Ras Mohammed National Park - Section 4,4.8,40000,Egypt's most famous national park with stunning coral reefs and marine life.,Book tickets online in advance,South Sinai,08:00-17:00,200.0
314,Sharm El Sheikh,Naama Bay - Section 4,4.3,60000,"The heart of Sharm El Sheikh with beaches, restaurants, and nightlife.",Hire a local guide for the best experience,"Naama Bay, Sharm El Sheikh",Open 24 hours,
315,Sharm El Sheikh,Tiran Island - Section 4,4.6,25000,A beautiful island with world-class snorkeling and diving spots.,Bring water and sun protection,Strait of Tiran,08:00-17:00,350.0
316,Sharm El Sheikh,Shark's Bay - Section 4,4.5,20000,A popular diving spot known for its coral reefs and marine biodiversity.,Bring water and sun protection,"Shark's Bay, Sharm El Sheikh",Open 24 hours,
317,Sharm El Sheikh,Old Market (El Sahaba) - Section 4,4.4,35000,"A traditional market with local crafts, spices, and the beautiful Al Sahaba Mosque.",Check opening hours before visiting,"Sharm El Maya, Sharm El Sheikh",09:00-23:00,
318,Sharm El Sheikh,Soho Square - Section 4,4.3,30000,"A modern entertainment complex with restaurants, shops, and the dancing fountain.",Wear comfortable walking shoes,"White Knight Bay, Sharm El Sheikh",18:00-02:00,
319,Sharm El Sheikh,Colored Canyon - Section 4,4.7,15000,A stunning canyon with colorful rock formations in the Sinai desert.,Wear comfortable walking shoes,"Nuweiba, South Sinai",06:00-18:00,150.0
320,Sharm El Sheikh,Saint Catherine's Monastery - Section 4,4.8,10000,One of the oldest continuously inhabited Christian monasteries at the foot of Mount Sinai.,Wear comfortable walking shoes,"Saint Catherine, South Sinai",09:00-12:00,100.0
321,Sharm El Sheikh,Mount Sinai - Section 4,4.7,8000,The biblical mountain where Moses received the Ten Commandments.,Arrive early to avoid crowds and heat,"Saint Catherine, South Sinai",Open 24 hours,
322,Sharm El Sheikh,Farsha Mountain Lounge - Section 4,4.5,25000,A unique outdoor cafe built into the mountainside with bohemian decor.,Check opening hours before visiting,"Hadaba, Sharm El Sheikh",12:00-02:00,
323,Sharm El Sheikh,Ras Mohammed National Park - Section 5,4.8,40000,Egypt's most famous national park with stunning coral reefs and marine life.,Book tickets online in advance,South Sinai,08:00-17:00,200.0
324,Aswan,Philae Temple - Section 1,4.8,50000,"A beautiful temple complex dedicated to the goddess Isis, relocated to Agilkia Island.",Arrive early to avoid crowds and heat,"Agilkia Island, Aswan",07:00-17:00,200.0
325,Aswan,Abu Simbel - Section 1,4.9,80000,"Two massive rock temples built by Ramses II, relocated to avoid flooding from Lake Nasser.",Check opening hours before visiting,"Abu Simbel, Aswan",06:00-18:00,400.0
326,Aswan,Nubian Village - Section 1,4.5,30000,"A colorful village showcasing Nubian culture, traditions, and hospitality.",Wear comfortable walking shoes,"West Bank, Aswan",08:00-20:00,
327,Aswan,Unfinished Obelisk - Section 1,4.4,20000,"The largest known ancient obelisk, offering insight into ancient stone-cutting techniques.",Wear comfortable walking shoes,Aswan,07:00-17:00,120.0
328,Aswan,Aswan High Dam - Section 1,4.2,25000,An engineering marvel that controls the Nile's flood and generates hydroelectric power.,Bring water and sun protection,Aswan,08:00-17:00,80.0
329,Aswan,Kom Ombo Temple - Section 1,4.6,35000,A unique double temple dedicated to Sobek the crocodile god and Horus the falcon god.,Book tickets online in advance,"Kom Ombo, Aswan",07:00-17:00,180.0
330,Aswan,Edfu Temple - Section 1,4.7,40000,"One of the best-preserved temples in Egypt, dedicated to the falcon god Horus.",Book tickets online in advance,"Edfu, Aswan",07:00-17:00,180.0
331,Aswan,Elephantine Island - Section 1,4.4,15000,An island in the Nile with ancient ruins and a Nubian village.,Combine with nearby attractions for a full day trip,Aswan,Open 24 hours,
332,Aswan,Aswan Botanical Garden - Section 1,4.5,12000,A peaceful garden on Kitchener's Island with exotic plants from around the world.,Visit during sunset for the best photos,"Kitchener's Island, Aswan",08:00-17:00,40.0
333,Aswan,Nubian Museum - Section 1,4.6,18000,A museum showcasing Nubian culture and history from prehistoric to modern times.,Check opening hours before visiting,"Sharia Abtal El Tahrir, Aswan",09:00-17:00,100.0
334,Aswan,Philae Temple - Section 2,4.8,50000,"A beautiful temple complex dedicated to the goddess Isis, relocated to Agilkia Island.",Hire a local guide for the best experience,"Agilkia Island, Aswan",07:00-17:00,200.0
335,Aswan,Abu Simbel - Section 2,4.9,80000,"Two massive rock temples built by Ramses II, relocated to avoid flooding from Lake Nasser.",Visit during sunset for the best photos,"Abu Simbel, Aswan",06:00-18:00,400.0
336,Aswan,Nubian Village - Section 2,4.5,30000,"A colorful village showcasing Nubian culture, traditions, and hospitality.",Visit during sunset for the best photos,"West Bank, Aswan",08:00-20:00,
337,Aswan,Unfinished Obelisk - Section 2,4.4,20000,"The largest known ancient obelisk, offering insight into ancient stone-cutting techniques.",Wear comfortable walking shoes,Aswan,07:00-17:00,120.0
338,Aswan,Aswan High Dam - Section 2,4.2,25000,An engineering marvel that controls the Nile's flood and generates hydroelectric power.,Bring water and sun protection,Aswan,08:00-17:00,80.0
339,Aswan,Kom Ombo Temple - Section 2,4.6,35000,A unique double temple dedicated to Sobek the crocodile god and Horus the falcon god.,Combine with nearby attractions for a full day trip,"Kom Ombo, Aswan",07:00-17:00,180.0
340,Aswan,Edfu Temple - Section 2,4.7,40000,"One of the best-preserved temples in Egypt, dedicated to the falcon god Horus.",Hire a local guide for the best experience,"Edfu, Aswan",07:00-17:00,180.0
341,Aswan,Elephantine Island - Section 2,4.4,15000,An island in the Nile with ancient ruins and a Nubian village.,Wear comfortable walking shoes,Aswan,Open 24 hours,
342,Aswan,Aswan Botanical Garden - Section 2,4.5,12000,A peaceful garden on Kitchener's Island with exotic plants from around the world.,Wear comfortable walking shoes,"Kitchener's Island, Aswan",08:00-17:00,40.0
343,Aswan,Nubian Museum - Section 2,4.6,18000,A museum showcasing Nubian culture and history from prehistoric to modern times.,Visit during sunset for the best photos,"Sharia Abtal El Tahrir, Aswan",09:00-17:00,100.0
344,Aswan,Philae Temple - Section 3,4.8,50000,"A beautiful temple complex dedicated to the goddess Isis, relocated to Agilkia Island.",Visit during sunset for the best photos,"Agilkia Island, Aswan",07:00-17:00,200.0
345,Aswan,Abu Simbel - Section 3,4.9,80000,"Two massive rock temples built by Ramses II, relocated to avoid flooding from Lake Nasser.",Book tickets online in advance,"Abu Simbel, Aswan",06:00-18:00,400.0
346,Aswan,Nubian Village - Section 3,4.5,30000,"A colorful village showcasing Nubian culture, traditions, and hospitality.",Bring water and sun protection,"West Bank, Aswan",08:00-20:00,
347,Aswan,Unfinished Obelisk - Section 3,4.4,20000,"The largest known ancient obelisk, offering insight into ancient stone-cutting techniques.",Visit during sunset for the best photos,Aswan,07:00-17:00,120.0
348,Aswan,Aswan High Dam - Section 3,4.2,25000,An engineering marvel that controls the Nile's flood and generates hydroelectric power.,Hire a local guide for the best experience,Aswan,08:00-17:00,80.0
349,Aswan,Kom Ombo Temple - Section 3,4.6,35000,A unique double temple dedicated to Sobek the crocodile god and Horus the falcon god.,Arrive early to avoid crowds and heat,"Kom Ombo, Aswan",07:00-17:00,180.0
350,Aswan,Edfu Temple - Section 3,4.7,40000,"One of the best-preserved temples in Egypt, dedicated to the falcon god Horus.",Wear comfortable walking shoes,"Edfu, Aswan",07:00-17:00,180.0
351,Aswan,Elephantine Island - Section 3,4.4,15000,An island in the Nile with ancient ruins and a Nubian village.,Arrive early to avoid crowds and heat,Aswan,Open 24 hours,
352,Aswan,Aswan Botanical Garden - Section 3,4.5,12000,A peaceful garden on Kitchener's Island with exotic plants from around the world.,Bring water and sun protection,"Kitchener's Island, Aswan",08:00-17:00,40.0
353,Aswan,Nubian Museum - Section 3,4.6,18000,A museum showcasing Nubian culture and history from prehistoric to modern times.,Arrive early to avoid crowds and heat,"Sharia Abtal El Tahrir, Aswan",09:00-17:00,100.0
354,Aswan,Philae Temple - Section 4,4.8,50000,"A beautiful temple complex dedicated to the goddess Isis, relocated to Agilkia Island.",Book tickets online in advance,"Agilkia Island, Aswan",07:00-17:00,200.0
355,Aswan,Abu Simbel - Section 4,4.9,80000,"Two massive rock temples built by Ramses II, relocated to avoid flooding from Lake Nasser.",Book tickets online in advance,"Abu Simbel, Aswan",06:00-18:00,400.0
356,Aswan,Nubian Village - Section 4,4.5,30000,"A colorful village showcasing Nubian culture, traditions, and hospitality.",Hire a local guide for the best experience,"West Bank, Aswan",08:00-20:00,
357,Aswan,Unfinished Obelisk - Section 4,4.4,20000,"The largest known ancient obelisk, offering insight into ancient stone-cutting techniques.",Combine with nearby attractions for a full day trip,Aswan,07:00-17:00,120.0
358,Aswan,Aswan High Dam - Section 4,4.2,25000,An engineering marvel that controls the Nile's flood and generates hydroelectric power.,Bring water and sun protection,Aswan,08:00-17:00,80.0
359,Aswan,Kom Ombo Temple - Section 4,4.6,35000,A unique double temple dedicated to Sobek the crocodile god and Horus the falcon god.,Bring water and sun protection,"Kom Ombo, Aswan",07:00-17:00,180.0
360,Aswan,Edfu Temple - Section 4,4.7,40000,"One of the best-preserved temples in Egypt, dedicated to the falcon god Horus.",Wear comfortable walking shoes,"Edfu, Aswan",07:00-17:00,180.0
361,Aswan,Elephantine Island - Section 4,4.4,15000,An island in the Nile with ancient ruins and a Nubian village.,Arrive early to avoid crowds and heat,Aswan,Open 24 hours,
